{"Loss": 3.2834690718409547, "_runtime": 69, "_timestamp": 1634572761, "_step": 399, "Val Loss": 0.2707565128803253, "Acc": 99.45, "Val Acc": 99.0, "_wandb": {"runtime": 67}}